file,timestamp
6,1606386945
2,1606387048
6,1606387396
7,1606387405
9,1606387417
2,1606387428
2,1606387675
8,1606387705
1,1606387712
5,1606387826
2,1606387834
3,1606387841
2,1606387987
7,1606388094
6,1606388108
3,1606388116
2,1606389425
1,1606389437
8,1606389448
4,1606389454
8,1606389465
6,1606389475
7,1606389482
7,1606389741
8,1606390018
3,1606390025
3,1606390032
2,1606390039
5,1606390081
6,1606390152
2,1606391085
3,1606391193
2,1606391386
1,1606391513
9,1606391620
2,1606391638
6,1606391708
9,1606391720
1,1606391731
8,1606391798
1,1606391835
4,1606391932
2,1606392280
5,1606392385
8,1606393063
